Workbook

Sheet README
A1: Model Inventory & Findings Tracker
A2: Sample portfolio piece — GRC / Model Risk Management (MRM) Analyst
A4: Start here. This page explains what the workbook does, why it exists, which regulatory clauses it maps to, and what it does not do. If you are reading this workbook for the first time, read this page before opening any other tab.
A6: OBJECTIVE
A7: Maintain an inventory of all risk/quant models, log validation findings against each model, and track upcoming review deadlines.
A9: BUSINESS GOAL
A10: Give the Model Risk Committee a single, auditable view of which models are in use, which have open findings, and which are due for validation — so that no model runs past its review date without an approved exception.
A12: WHAT THIS WORKBOOK DOES
A13: Acts as the governed register for the model risk function. It tracks every model with a unique ID, an owner (1st line), a risk tier, and a validation cadence tied to that tier. It logs every validation finding against its model, with severity, owner, and due date. It computes upcoming review deadlines and flags any model that is overdue. It rolls all of this into a one-page dashboard for the Model Risk Committee.
A15: REGULATORY ANCHORS
A16: OSFI E-23 s.3.1 — Model inventory. The guideline requires firms to maintain a comprehensive inventory of all models with non-negligible risk. The Model Inventory tab is that inventory.
A17: OSFI E-23 s.3.2 — Risk-based validation frequency. Higher-tier models must be validated more frequently than lower-tier models. The Validation Cadence column and Review Calendar tab implement this.
... A45: Blue fill = hardcoded input. Black = computed formula. Do not overtype computed columns. 'Today' formulas recalculate against whatever date you open the file on.

Sheet Executive Summary
A1: Model Risk Governance — Executive Summary
A2: Acme Corp | Model Risk Management | Portfolio Sample
A4: "How many models do we have, and how are they distributed by risk tier and validation status?" This tells you the size of the model population and how much of it is currently approved for use.
A6: Inventory Overview
A7: Total Models | B7: =COUNTA('Model Inventory'!A2:A7) -> 6
A8: Tier 1 Models | B8: =COUNTIF('Model Inventory'!F2:F7,"Tier 1") -> 4
A9: Tier 2 Models | B9: =COUNTIF('Model Inventory'!F2:F7,"Tier 2") -> 1
A10: Tier 3 Models | B10: =COUNTIF('Model Inventory'!F2:F7,"Tier 3") -> 1
A11: Not Approved / Conditional | B11: =COUNTIF('Model Inventory'!G2:G7,"Not Approved") + COUNTIF('Model Inventory'!G2:G7,"Conditionally Approved") -> 2
A12: Reviews Overdue | B12: =COUNTIF('Review Calendar'!H2:H7,"OVERDUE") -> 2
A13: Reviews Due Soon (60 days) | B13: =COUNTIF('Review Calendar'!H2:H7,"Due Soon") -> 1
A15: "How many validation findings are currently open, and how serious are they?" High-severity findings typically block deployment or require compensating controls. Medium findings are tracked but do not block use.
A16: Medium findings are tracked but do not block use. This section tells you whether the findings backlog is growing or shrinking.
A18: Open Findings by Severity
A19: High (Open/In Remediation) | B19: =COUNTIFS('Findings Log'!E2:E15,"High",'Findings Log'!H2:H15,"<>Closed") -> 4
A20: Medium (Open/In Remediation) | B20: =COUNTIFS('Findings Log'!E2:E15,"Medium",'Findings Log'!H2:H15,"<>Closed") -> 3
A21: Low (Open/In Remediation) | B21: =COUNTIFS('Findings Log'!E2:E15,"Low",'Findings Log'!H2:H15,"<>Closed") -> 0
A22: Total Closed Findings | B22: =COUNTIF('Findings Log'!H2:H15,"Closed") -> 1
A24: "Which specific models need action this month?" A model appears here if it has an overdue validation, is due for review within 60 days, or carries one or more open High or Medium findings. This is the table the Committee will use to assign follow-up actions.
A26: Model | B26: Owner | C26: Risk Tier | D26: Next Validation | E26: Review Status | F26: Open Findings
A27: ='Review Calendar'!B2 -> Lending Club Credit Risk | B27: ='Review Calendar'!C2 -> Credit Risk Dept | C27: ='Review Calendar'!D2 -> Tier 1 | D27: ='Review Calendar'!F2 -> 46635 | E27: ='Review Calendar'!H2 -> On Track | F27: ='Review Calendar'!I2 -> 7
A28: ='Review Calendar'!B3 -> Fannie Mae IFRS 9 ECL | B28: ='Review Calendar'!C3 -> Credit Risk Dept | C28: ='Review Calendar'!D3 -> Tier 1 | D28: ='Review Calendar'!F3 -> 46635 | E28: ='Review Calendar'!H3 -> On Track | F28: ='Review Calendar'!I3 -> 0
A29: ='Review Calendar'!B4 -> AML Transaction Monitoring | B29: ='Review Calendar'!C4 -> Compliance | C29: ='Review Calendar'!D4 -> Tier 1 | D29: ='Review Calendar'!F4 -> 46183 | E29: ='Review Calendar'!H4 -> OVERDUE | F29: ='Review Calendar'!I4 -> 0
A30: ='Review Calendar'!B5 -> Market Risk VaR | B30: ='Review Calendar'!C5 -> Trading | C30: ='Review Calendar'!D5 -> Tier 1 | D30: ='Review Calendar'!F5 -> 46407 | E30: ='Review Calendar'!H5 -> On Track | F30: ='Review Calendar'!I5 -> 0
A31: ='Review Calendar'!B6 -> SME Credit Scoring | B31: ='Review Calendar'!C6 -> Credit Risk Dept | C31: ='Review Calendar'!D6 -> Tier 2 | D31: ='Review Calendar'!F6 -> 46341 | E31: ='Review Calendar'!H6 -> Due Soon | F31: ='Review Calendar'!I6 -> 0
A32: ='Review Calendar'!B7 -> Operational Risk Capital | B32: ='Review Calendar'!C7 -> Risk | C32: ='Review Calendar'!D7 -> Tier 3 | D32: ='Review Calendar'!F7 -> 46204 | E32: ='Review Calendar'!H7 -> OVERDUE | F32: ='Review Calendar'!I7 -> 0

Sheet Model Inventory
A1: Model ID | B1: Model Name | C1: Purpose | D1: Model Owner (1st Line) | E1: Validation Lead | F1: Risk Tier | G1: Validation Status | H1: Last Validation Date | I1: Validation Cadence (months) | J1: Next Validation Date | K1: Open High/Med Findings
A2: MDL-001 | B2: Lending Club Credit Risk | C2: Early warning delinquency detection | D2: Credit Risk Dept | E2: Independent Validation Team | F2: Tier 1 | G2: Not Approved | H2: 46270 | I2: =IF(F2="Tier 1", 12, IF(F2="Tier 2", 18, IF(F2="Tier 3", 24, 0))) -> 12 | J2: =EDATE(H2, I2) -> 46635 | K2: =COUNTIFS('Findings Log'!$B$2:$B$98, A2, 'Findings Log'!$H$2:$H$98, "<>Closed", 'Findings Log'!$E$2:$E$98, "High") + COUNTIFS('Findings Log'!$B$2:$B$98, A2, 'Findings Log'!$H$2:$H$98, "<>Closed", 'Findings Log'!$E$2:$E$98, "Medium") -> 7
A3: MDL-002 | B3: Fannie Mae IFRS 9 ECL | C3: Expected credit loss calculation | D3: Credit Risk Dept | E3: Independent Validation Team | F3: Tier 1 | G3: Conditionally Approved | H3: 46270 | I3: =IF(F3="Tier 1", 12, IF(F3="Tier 2", 18, IF(F3="Tier 3", 24, 0))) -> 12 | J3: =EDATE(H3, I3) -> 46635 | K3: =COUNTIFS('Findings Log'!$B$2:$B$98, A3, 'Findings Log'!$H$2:$H$98, "<>Closed", 'Findings Log'!$E$2:$E$98, "High") + COUNTIFS('Findings Log'!$B$2:$B$98, A3, 'Findings Log'!$H$2:$H$98, "<>Closed", 'Findings Log'!$E$2:$E$98, "Medium") -> 0
A4: MDL-003 | B4: AML Transaction Monitoring | C4: Suspicious activity detection | D4: Compliance | E4: Independent Validation Team | F4: Tier 1 | G4: Validated | H4: 45818 | I4: =IF(F4="Tier 1", 12, IF(F4="Tier 2", 18, IF(F4="Tier 3", 24, 0))) -> 12 | J4: =EDATE(H4, I4) -> 46183 | K4: =COUNTIFS('Findings Log'!$B$2:$B$98, A4, 'Findings Log'!$H$2:$H$98, "<>Closed", 'Findings Log'!$E$2:$E$98, "High") + COUNTIFS('Findings Log'!$B$2:$B$98, A4, 'Findings Log'!$H$2:$H$98, "<>Closed", 'Findings Log'!$E$2:$E$98, "Medium") -> 0
A5: MDL-004 | B5: Market Risk VaR | C5: Trading book value-at-risk | D5: Trading | E5: Independent Validation Team | F5: Tier 1 | G5: Validated | H5: 46042 | I5: =IF(F5="Tier 1", 12, IF(F5="Tier 2", 18, IF(F5="Tier 3", 24, 0))) -> 12 | J5: =EDATE(H5, I5) -> 46407 | K5: =COUNTIFS('Findings Log'!$B$2:$B$98, A5, 'Findings Log'!$H$2:$H$98, "<>Closed", 'Findings Log'!$E$2:$E$98, "High") + COUNTIFS('Findings Log'!$B$2:$B$98, A5, 'Findings Log'!$H$2:$H$98, "<>Closed", 'Findings Log'!$E$2:$E$98, "Medium") -> 0
A6: MDL-005 | B6: SME Credit Scoring | C6: Small business credit scoring | D6: Credit Risk Dept | E6: Independent Validation Team | F6: Tier 2 | G6: Validated | H6: 45792 | I6: =IF(F6="Tier 1", 12, IF(F6="Tier 2", 18, IF(F6="Tier 3", 24, 0))) -> 18 | J6: =EDATE(H6, I6) -> 46341 | K6: =COUNTIFS('Findings Log'!$B$2:$B$98, A6, 'Findings Log'!$H$2:$H$98, "<>Closed", 'Findings Log'!$E$2:$E$98, "High") + COUNTIFS('Findings Log'!$B$2:$B$98, A6, 'Findings Log'!$H$2:$H$98, "<>Closed", 'Findings Log'!$E$2:$E$98, "Medium") -> 0
A7: MDL-006 | B7: Operational Risk Capital | C7: Operational risk capital estimate | D7: Risk | E7: Independent Validation Team | F7: Tier 3 | G7: Validated | H7: 45474 | I7: =IF(F7="Tier 1", 12, IF(F7="Tier 2", 18, IF(F7="Tier 3", 24, 0))) -> 24 | J7: =EDATE(H7, I7) -> 46204 | K7: =COUNTIFS('Findings Log'!$B$2:$B$98, A7, 'Findings Log'!$H$2:$H$98, "<>Closed", 'Findings Log'!$E$2:$E$98, "High") + COUNTIFS('Findings Log'!$B$2:$B$98, A7, 'Findings Log'!$H$2:$H$98, "<>Closed", 'Findings Log'!$E$2:$E$98, "Medium") -> 0
A9: Model Inventory
A10: This is the governed register of every model in use. It is the single source of truth that every other tab links back to. If a model is not in this tab, it is not tracked. If we are updating a model's details, update them here.
A12: Blue = hardcoded input (model owner submits/updates). Next Validation Date and Open Findings are computed -- do not overtype them.

Sheet Findings Log
A1: Finding ID | B1: Model ID | C1: Model Name | D1: Finding Description | E1: Severity | F1: Identified Date | G1: Owner | H1: Status | I1: Due Date | J1: Days Open | K1: Overdue?
A2: FND-001 | B2: MDL-001 | C2: =IFERROR(INDEX('Model Inventory'!$B:$B, MATCH($B2, 'Model Inventory'!$A:$A, 0)), "Model Not Found") -> Lending Club Credit Risk | D2: Severe fairness concerns (DI 0.2435) | E2: High | F2: 46270 | G2: Model Risk Team | H2: Open | I2: 46361 | J2: =IF(H2="Closed", "", TODAY()-F2) -> 52 | K2: =IF(H2="Closed", "No", IF(TODAY()>I2, "Yes", "No")) -> No
A3: FND-002 | B3: MDL-001 | C3: =IFERROR(INDEX('Model Inventory'!$B:$B, MATCH($B3, 'Model Inventory'!$A:$A, 0)), "Model Not Found") -> Lending Club Credit Risk | D3: Random train/test split — look-ahead bias risk | E3: High | F3: 46270 | G3: Model Dev Team | H3: Open | I3: 46300 | J3: =IF(H3="Closed", "", TODAY()-F3) -> 52 | K3: =IF(H3="Closed", "No", IF(TODAY()>I3, "Yes", "No")) -> Yes
A4: FND-003 | B4: MDL-001 | C4: =IFERROR(INDEX('Model Inventory'!$B:$B, MATCH($B4, 'Model Inventory'!$A:$A, 0)), "Model Not Found") -> Lending Club Credit Risk | D4: Poor calibration (HL p-value 0.0000) | E4: High | F4: 46270 | G4: Model Dev Team | H4: Open | I4: 46300 | J4: =IF(H4="Closed", "", TODAY()-F4) -> 52 | K4: =IF(H4="Closed", "No", IF(TODAY()>I4, "Yes", "No")) -> Yes
A5: FND-004 | B5: MDL-001 | C5: =IFERROR(INDEX('Model Inventory'!$B:$B, MATCH($B5, 'Model Inventory'!$A:$A, 0)), "Model Not Found") -> Lending Club Credit Risk | D5: IFRS 9 staging misalignment | E5: High | F5: 46270 | G5: Model Dev Team | H5: Open | I5: 46361 | J5: =IF(H5="Closed", "", TODAY()-F5) -> 52 | K5: =IF(H5="Closed", "No", IF(TODAY()>I5, "Yes", "No")) -> No
A6: FND-005 | B6: MDL-001 | C6: =IFERROR(INDEX('Model Inventory'!$B:$B, MATCH($B6, 'Model Inventory'!$A:$A, 0)), "Model Not Found") -> Lending Club Credit Risk | D6: High-missing features imputed | E6: Medium | F6: 46270 | G6: Model Dev Team | H6: Open | I6: 46300 | J6: =IF(H6="Closed", "", TODAY()-F6) -> 52 | K6: =IF(H6="Closed", "No", IF(TODAY()>I6, "Yes", "No")) -> Yes
A7: FND-006 | B7: MDL-001 | C7: =IFERROR(INDEX('Model Inventory'!$B:$B, MATCH($B7, 'Model Inventory'!$A:$A, 0)), "Model Not Found") -> Lending Club Credit Risk | D7: Low precision (high false positives) | E7: Medium | F7: 46270 | G7: Model Dev Team | H7: Open | I7: 46300 | J7: =IF(H7="Closed", "", TODAY()-F7) -> 52 | K7: =IF(H7="Closed", "No", IF(TODAY()>I7, "Yes", "No")) -> Yes
A8: FND-007 | B8: MDL-001 | C8: =IFERROR(INDEX('Model Inventory'!$B:$B, MATCH($B8, 'Model Inventory'!$A:$A, 0)), "Model Not Found") -> Lending Club Credit Risk | D8: Protected attribute proxy | E8: Medium | F8: 46270 | G8: Model Risk Team | H8: Open | I8: 46361 | J8: =IF(H8="Closed", "", TODAY()-F8) -> 52 | K8: =IF(H8="Closed", "No", IF(TODAY()>I8, "Yes", "No")) -> No
A9: FND-008 | B9: MDL-002 | C9: =IFERROR(INDEX('Model Inventory'!$B:$B, MATCH($B9, 'Model Inventory'!$A:$A, 0)), "Model Not Found") -> Fannie Mae IFRS 9 ECL | D9: Data leakage (post-origination features) | E9: High | F9: 46270 | G9: Model Dev Team | H9: Closed | I9: 46270 | J9: =IF(H9="Closed", "", TODAY()-F9) | K9: =IF(H9="Closed", "No", IF(TODAY()>I9, "Yes", "No")) -> No
A10: Findings Log
A11: Every validation finding is logged here, linked to the model it affects. A finding is an issue identified by the independent validator (2nd line). It always has a severity, an owner responsible for remediation, and a due date.
A12: Findings stay in this tab until they are closed — they are never deleted, because a closed finding is evidence that a governance process worked.
A14: Blue = hardcoded input (validation team logs findings here). Model Name, Days Open, and Overdue? are computed.

Sheet Review Calendar
A1: Model ID | B1: Model Name | C1: Model Owner (1st Line) | D1: Risk Tier | E1: Last Validation Date | F1: Next Validation Date | G1: Days Until Due | H1: Review Status | I1: Open High/Med Findings
A2: ='Model Inventory'!A2 -> MDL-001 | B2: ='Model Inventory'!B2 -> Lending Club Credit Risk | C2: ='Model Inventory'!D2 -> Credit Risk Dept | D2: ='Model Inventory'!F2 -> Tier 1 | E2: ='Model Inventory'!H2 -> 46270 | F2: ='Model Inventory'!J2 -> 46635 | G2: =F2-TODAY() -> 313 | H2: =IF(G2<0, "OVERDUE", IF(G2<=60, "Due Soon", "On Track")) -> On Track | I2: ='Model Inventory'!K2 -> 7
A3: ='Model Inventory'!A3 -> MDL-002 | B3: ='Model Inventory'!B3 -> Fannie Mae IFRS 9 ECL | C3: ='Model Inventory'!D3 -> Credit Risk Dept | D3: ='Model Inventory'!F3 -> Tier 1 | E3: ='Model Inventory'!H3 -> 46270 | F3: ='Model Inventory'!J3 -> 46635 | G3: =F3-TODAY() -> 313 | H3: =IF(G3<0, "OVERDUE", IF(G3<=60, "Due Soon", "On Track")) -> On Track | I3: ='Model Inventory'!K3 -> 0
A4: ='Model Inventory'!A4 -> MDL-003 | B4: ='Model Inventory'!B4 -> AML Transaction Monitoring | C4: ='Model Inventory'!D4 -> Compliance | D4: ='Model Inventory'!F4 -> Tier 1 | E4: ='Model Inventory'!H4 -> 45818 | F4: ='Model Inventory'!J4 -> 46183 | G4: =F4-TODAY() -> -139 | H4: =IF(G4<0, "OVERDUE", IF(G4<=60, "Due Soon", "On Track")) -> OVERDUE | I4: ='Model Inventory'!K4 -> 0
A5: ='Model Inventory'!A5 -> MDL-004 | B5: ='Model Inventory'!B5 -> Market Risk VaR | C5: ='Model Inventory'!D5 -> Trading | D5: ='Model Inventory'!F5 -> Tier 1 | E5: ='Model Inventory'!H5 -> 46042 | F5: ='Model Inventory'!J5 -> 46407 | G5: =F5-TODAY() -> 85 | H5: =IF(G5<0, "OVERDUE", IF(G5<=60, "Due Soon", "On Track")) -> On Track | I5: ='Model Inventory'!K5 -> 0
A6: ='Model Inventory'!A6 -> MDL-005 | B6: ='Model Inventory'!B6 -> SME Credit Scoring | C6: ='Model Inventory'!D6 -> Credit Risk Dept | D6: ='Model Inventory'!F6 -> Tier 2 | E6: ='Model Inventory'!H6 -> 45792 | F6: ='Model Inventory'!J6 -> 46341 | G6: =F6-TODAY() -> 19 | H6: =IF(G6<0, "OVERDUE", IF(G6<=60, "Due Soon", "On Track")) -> Due Soon | I6: ='Model Inventory'!K6 -> 0
A7: ='Model Inventory'!A7 -> MDL-006 | B7: ='Model Inventory'!B7 -> Operational Risk Capital | C7: ='Model Inventory'!D7 -> Risk | D7: ='Model Inventory'!F7 -> Tier 3 | E7: ='Model Inventory'!H7 -> 45474 | F7: ='Model Inventory'!J7 -> 46204 | G7: =F7-TODAY() -> -118 | H7: =IF(G7<0, "OVERDUE", IF(G7<=60, "Due Soon", "On Track")) -> OVERDUE | I7: ='Model Inventory'!K7 -> 0
A9: Review Calendar
A10: This is the validation schedule and a governance control in its own right. It answers the question a regulator will ask first: "Can you prove that no model is running past its due validation date without an approved exception?"
A11: Every model in the Model Inventory appears here automatically — do not add or remove rows manually.

Sheet Lookup Tables
A1: Lookup Tables — Standardized Values
A3: Table 1: Risk Tiers
A4: Risk Tier | B4: Validation Cadence (months)
A5: Tier 1 | B5: 12 | E5: "What risk tiers exist, and how often must each be validated?" Risk tier drives validation cadence.
A6: Tier 2 | B6: 18 | E6: Tier 1 models — high materiality, high complexity, or high regulatory exposure — are validated annually.
A7: Tier 3 | B7: 24 | E7: Lower tiers are validated less frequently because the cost of an error is lower.
A9: Table 2: Validation Status
A10: Validation Status
A11: Validated | E11: "What approval states can a model be in?" A model is Validated when it has passed validation with no material findings,
A12: Conditionally Approved | E12: Conditionally Approved when it may be used subject to compensating controls or remediation timelines,
A13: Not Approved | E13: and Not Approved when it cannot be deployed.
A15: Table 3: Finding Severity
A16: Severity
A17: High | E17: "How serious can a finding be?" High severity typically blocks deployment or requires explicit Committee approval.
A18: Medium | E18: Medium severity is tracked to resolution but may permit conditional use. Low severity is noted for the next review cycle.
A19: Low
A21: Table 4: Finding Status
A22: Status
A23: Open | E23: "What stage is a finding at?" Open means it has been identified but not yet actioned. In Remediation means a fix is underway.
A24: In Remediation | E24: Closed means the fix has been completed and verified. Only Closed findings are excluded from the open-findings count on the
A25: Closed | E25: Model Inventory tab.
A27: Table 5: Model Types
A28: Model Type
A29: Credit Risk | E29: The Model Inventory is the master register. The Findings Log links to it by Model ID. The Review Calendar links to it by Model ID
A30: IFRS 9 ECL | E30: and date. The Executive Summary pulls from all three. If a number looks wrong on the Executive Summary, trace it back through
A31: Collections | E31: the Review Calendar and Findings Log to the Model Inventory — that is the single source of truth.
A32: Market Risk
A33: Fraud
A34: AI/ML
